target,n,bvar_rmse,naive_rmse,red_pct
log_fx_eurusd,69,0.01756,0.01637,-7.24514
log_diesel,70,0.06844,0.06371,-7.42607
log_freight,61,0.02486,0.02383,-4.33956
log_truf_vehicle,65,0.00635,0.0058,-9.51074
log_truf_transport,71,0.01665,0.01433,-16.25685
