method,n,rmse_log,rmse_pct,mae_log,mean_err_bp,bvar_vs_naive_ar1_red_pct,bvar_vs_naive_rw_red_pct
bvar,130,0.02701,2.73554,0.02031,37.76776,-0.37112,1.65675
naive_flat,130,0.02746,2.79943,0.01999,85.82378,,
naive_rw,130,0.02746,2.79943,0.01999,85.82378,,
naive_ar1,130,0.02691,2.7204,0.02129,36.80244,,
