{
  "vertical": "auto",
  "shocks": [
    [
      "log_truf_vehicle",
      0.1
    ],
    [
      "log_fx_eurusd",
      -0.1
    ],
    [
      "log_diesel",
      0.25
    ]
  ],
  "horizon": 12,
  "var_cols": [
    "log_fx_eurusd",
    "log_diesel",
    "log_freight",
    "log_truf_vehicle",
    "log_truf_transport"
  ],
  "weights": {
    "log_fx_eurusd": 0.3,
    "log_diesel": 0.06,
    "log_freight": 0.12,
    "log_truf_vehicle": 0.45,
    "log_truf_transport": 0.07
  },
  "stability_max_eig": 1.000367844216945,
  "per_variable_trajectory": {
    "log_fx_eurusd": [
      -0.1,
      -0.09961592574073452,
      -0.09923248474387185,
      -0.09884967625763116,
      -0.09846749952906973,
      -0.09808595380409729,
      -0.0977050383274904,
      -0.09732475234290691,
      -0.09694509509290006,
      -0.09656606581893262,
      -0.09618766376139103,
      -0.09580988815959929,
      -0.09543273825183293
    ],
    "log_diesel": [
      0.251409411621115,
      0.251207125599544,
      0.2510090584708394,
      0.2508151875013324,
      0.250625490065418,
      0.2504399436450696,
      0.2502585258293571,
      0.2500812143139653,
      0.24990798690071603,
      0.2497388214970914,
      0.2495736961157596,
      0.2494125888741024,
      0.24925547799374506
    ],
    "log_freight": [
      0.04409748052796265,
      0.04415175962348786,
      0.04420629970294697,
      0.044261099994180236,
      0.04431615972755299,
      0.044371478135946905,
      0.04442705445475132,
      0.044482887921854605,
      0.044538977777635505,
      0.04459532326495463,
      0.0446519236291458,
      0.04470877811800763,
      0.04476588598179496
    ],
    "log_truf_vehicle": [
      0.09872346041653879,
      0.09874977700589632,
      0.09877610122340572,
      0.09880243308922139,
      0.09882877262341626,
      0.09885511984598205,
      0.0988814747768297,
      0.09890783743578979,
      0.09893420784261288,
      0.09896058601696979,
      0.09898697197845217,
      0.09901336574657266,
      0.09903976734076535
    ],
    "log_truf_transport": [
      0.06996899335046904,
      0.07002587450764253,
      0.07008281411261338,
      0.07013981204801967,
      0.07019686819705588,
      0.07025398244347064,
      0.07031115467156417,
      0.07036838476618609,
      0.07042567261273291,
      0.07048301809714581,
      0.07054042110590819,
      0.0705978815260434,
      0.07065539924511244
    ]
  },
  "landed_cost_trajectory_log": [
    0.03969964908259771,
    0.03982507183675915,
    0.03995059658785796,
    0.04007622210560323,
    0.04020194716684175,
    0.04032777055552349,
    0.040453691062667316,
    0.04057970748632683,
    0.04070581863155631,
    0.04083202331037687,
    0.04095832034174282,
    0.04108470855150802,
    0.041211186772392494
  ],
  "landed_cost_trajectory_pct": [
    4.049821266293807,
    4.062872299878206,
    4.075935585887991,
    4.089011000466458,
    4.102098420439848,
    4.115197723314057,
    4.128308787271329,
    4.141431491167169,
    4.1545657145269255,
    4.167711337542723,
    4.18086824107029,
    4.194036306625648,
    4.207215416382093
  ],
  "exposure_decomposition_pct_at_h": {
    "log_fx_eurusd": 28.59,
    "log_diesel": 2.27,
    "log_freight": 5.43,
    "log_truf_vehicle": 62.72,
    "log_truf_transport": 0.99
  },
  "as_of_date": "2026-05-24"
}