{
  "vertical": "textile",
  "shocks": [
    [
      "log_truf_clothing",
      0.06
    ],
    [
      "log_fx_cnyusd",
      0.08
    ],
    [
      "log_freight",
      0.3
    ],
    [
      "log_diesel",
      0.15
    ]
  ],
  "horizon": 12,
  "var_cols": [
    "log_fx_cnyusd",
    "log_freight",
    "log_diesel",
    "log_truf_clothing",
    "log_truf_transport"
  ],
  "weights": {
    "log_fx_cnyusd": 0.3,
    "log_freight": 0.15,
    "log_diesel": 0.08,
    "log_truf_clothing": 0.4,
    "log_truf_transport": 0.07
  },
  "stability_max_eig": 1.0001713351009942,
  "per_variable_trajectory": {
    "log_fx_cnyusd": [
      0.08,
      0.07999788323102167,
      0.0799957527174396,
      0.07999360848732494,
      0.07999145056867503,
      0.07998927898941396,
      0.07998709377739266,
      0.0799848949603892,
      0.07998268256610916,
      0.0799804566221857,
      0.07997821715617998,
      0.07997596419558137,
      0.07997369776780765
    ],
    "log_freight": [
      0.30263567071315317,
      0.30243891012588553,
      0.30224229330265057,
      0.30204582010817627,
      0.30184949040748216,
      0.30165330406587826,
      0.301457260948964,
      0.30126136092262723,
      0.301065603853043,
      0.30086998960667277,
      0.3006745180502634,
      0.30047918905084603,
      0.30028400247573517
    ],
    "log_diesel": [
      0.30496269331988324,
      0.3046048484308018,
      0.30424802005085627,
      0.3038922045183047,
      0.30353739818575104,
      0.30318359742008827,
      0.30283079860244144,
      0.3024789981281112,
      0.30212819240651734,
      0.3017783778611429,
      0.3014295509294784,
      0.3010817080629656,
      0.30073484572694276
    ],
    "log_truf_clothing": [
      0.07552661914908189,
      0.07549319357037311,
      0.07545977997531725,
      0.07542637838207304,
      0.07539298880871317,
      0.07535961127322463,
      0.07532624579350895,
      0.07529289238738265,
      0.07525955107257745,
      0.07522622186674062,
      0.07519290478743534,
      0.07515959985214099,
      0.07512630707825346
    ],
    "log_truf_transport": [
      0.057668445181811225,
      0.057687037958376555,
      0.05770563080234456,
      0.05772422369952317,
      0.0577428166357933,
      0.057761409597108515,
      0.0577800025694948,
      0.05779859553905015,
      0.057817188491944366,
      0.057835781414418745,
      0.057854374292785754,
      0.05787296711342877,
      0.05789155986280177
    ]
  },
  "landed_cost_trajectory_log": [
    0.12803980489492317,
    0.12796895944788908,
    0.12789821756098899,
    0.12782757893568414,
    0.1277570432745757,
    0.12768661028140044,
    0.12761627966102593,
    0.12754605111944634,
    0.12747592436377767,
    0.12740589910225364,
    0.1273359750442209,
    0.12726615190013496,
    0.1271964293815555
  ],
  "landed_cost_trajectory_pct": [
    13.65982439703133,
    13.65177240118911,
    13.643732744733494,
    13.635705391201846,
    13.627690304274598,
    13.619687447774753,
    13.611696785667204,
    13.603718282058175,
    13.595751901194642,
    13.587797607463736,
    13.579855365392168,
    13.571925139645579,
    13.564006895028125
  ],
  "exposure_decomposition_pct_at_h": {
    "log_fx_cnyusd": 32.69,
    "log_freight": 8.69,
    "log_diesel": 5.73,
    "log_truf_clothing": 51.77,
    "log_truf_transport": 1.12
  },
  "as_of_date": "2026-05-24"
}