label,n,rmse,cov80,cov95,width80,width95,dir_hit
same_month_gaussian,146,0.26528896204703745,0.726027397260274,0.8767123287671232,0.5652907297755945,0.8645207789951349,0.7123287671232876
same_month_in_sample,146,0.26528896204703745,0.7534246575342466,0.8698630136986302,0.6016848478640392,0.8277095381534105,0.7123287671232876
same_month_rolling_conformal,146,0.26528896204703745,0.7534246575342466,0.9178082191780822,0.7261204930717237,0.9299490207668519,0.7123287671232876
multi_raw_gaussian,26,0.34490695013616024,0.6538461538461539,0.8461538461538461,0.6678600829839668,1.021384022041647,0.6538461538461539
multi_raw_in_sample,26,0.34490695013616024,0.6153846153846154,0.7692307692307693,0.5900184902607477,0.7981644846688305,0.6538461538461539
multi_raw_rolling_conformal,26,0.34490695013616024,0.7692307692307693,0.8461538461538461,1.0181558203129688,1.0846280684666607,0.6538461538461539
pca3_gaussian,26,0.2417151207233423,0.8076923076923077,0.9615384615384616,0.697255205043983,1.0663391088375518,0.7307692307692307
pca3_in_sample,26,0.2417151207233423,0.8076923076923077,0.9615384615384616,0.7328751185700811,0.9894291803151041,0.7307692307692307
pca3_rolling_conformal,26,0.2417151207233423,0.8461538461538461,0.9230769230769231,0.9588579193331009,0.974057941706537,0.7307692307692307
