signal,n_oos,rmse_A,rmse_B,rmse_red_pct,mse_red_pct,dm_t,dm_p
truf_yoy,115,0.18549700739562078,0.15781942079975123,14.92077256903659,27.615250597504026,1.7563874340719952,0.08170758883850415
bridge_pred,79,0.21711011090820914,0.18311708181531827,15.657045611875075,28.862660450826784,3.450162833156988,0.0009070238190561918
pca_pred,79,0.21711011090820914,0.2172833480918328,-0.07979231501424877,-0.1596482981638614,-0.06757122055439735,0.9462998774008173
