signal,n,r2_A,r2_B,adj_r2_A,adj_r2_B,delta_r2,beta_clev_A,beta_clev_B,gamma,gamma_se,t_gamma,p_gamma,f_stat,p_f
truf_yoy,151,0.9936384817453072,0.9953210749586969,0.99359578699192,0.9952578462419226,0.0016825932133897048,1.0017075406400826,0.8886809743542692,0.08989168010900787,0.012321742177871457,7.295370963892087,1.6767425328471486e-11,53.22243750079937,1.676742532847409e-11
bridge_pred,115,0.9924527503311308,0.9946585718479195,0.9923859605110523,0.9945631892023467,0.0022058215167887196,0.9982616162635058,0.6812637804357736,0.3327330157320463,0.048924950629110765,6.800886080691664,5.337388784772232e-10,46.252051482544715,5.337388784773979e-10
pca_pred,115,0.9924527503311308,0.9926251324778625,0.9923859605110523,0.9924934384149673,0.00017238214673176433,0.9982616162635058,0.9034413756127629,0.0941630867185759,0.05819727425650771,1.617998229668745,0.10847588656541667,2.617918271211007,0.10847588656542898
