model,n,rmse,mae,rmse_red_pct,crps,pit_ks_pvalue,cov80,cov95,sharp80,sharp95,n_density
persistence_v1,73,0.4592518265374374,0.33744798816792343,42.256489807633,0.2580195400027493,0.604652636271197,0.6986301369863014,0.8904109589041096,0.8165299285412557,1.7509506283089378,73
ar1_yoy_v1,62,0.4724726968755253,0.3306442973120823,39.51272299506847,0.27239779951108517,0.8899005333914481,0.7580645161290323,0.9032258064516129,1.0679448798004954,1.9109833724094532,62
ar1_mom_composed_v1,61,0.2845955750015733,0.19868470885791328,63.84154059359044,0.15154013415375495,0.8119640809414175,0.7868852459016393,0.9180327868852459,0.5562257520026407,1.166492694312623,61
patha_v1,49,0.374147681026573,0.2949990995225462,39.07365534066738,0.18604761879447845,0.5710067889396995,0.8979591836734694,0.9387755102040817,0.8751894584363857,1.3194539892599955,49
dfm_stock_watson_v1,25,0.45607212041074546,0.3879552828032681,-42.462583852491534,0.2632353246796337,0.4788058002163119,0.96,1.0,1.5841257391435113,2.3840615546083876,25
bridged_cbdf_v1,13,0.24855765320229278,0.1944749533812205,24.013249286535764,0.144679015086287,0.08472122505238333,0.6153846153846154,0.8461538461538461,0.4077887155749399,0.7445007484444994,13
