model,n,rmse,mae,cov80,cov95,dir_hit
ar1_yoy_direct,133,0.38141428623566714,0.2727639087972781,0.849624060150376,0.9473684210526315,0.8270676691729323
ar1_mom_composed,132,0.24437893407147898,0.17568563305390789,0.8257575757575758,0.9318181818181818,0.8712121212121212
