name,n,rmse,mae,rmse_red_vs_persist,direction_acc
persistence (BLS[M-1]),38,0.3825124696969815,0.2736842105263158,0.0,0.631578947368421
persist + energy,38,0.25117528992640964,0.20827691604655632,34.33539823541294,0.7105263157894737
Path A (persist + truf_d25),38,0.2906414839052713,0.21862089822551312,24.01777538507137,0.6842105263157895
Path A + energy,38,0.2671494122641478,0.2081911211263066,30.15929324453709,0.868421052631579
Path A + gas + WTI + mortgage,38,0.30332269928758815,0.23352285603062586,20.702533036929715,0.6578947368421053
Cleveland Fed h=0,38,0.12444935569888249,0.09775898434686651,67.46528138090015,0.868421052631579
