day,name,n,rmse,mae,rmse_red_vs_persist,direction_acc
5,Path A+E day=5,38,0.320720171391281,0.24192887274937655,16.154322591012804,0.631578947368421
10,Path A+E day=10,38,0.29464382546343443,0.22657549301498486,22.97144568990256,0.6578947368421053
15,Path A+E day=15,38,0.28274779546701406,0.21744973757490177,26.08141750489833,0.7894736842105263
20,Path A+E day=20,38,0.2744894909836942,0.2110280553474134,28.24038097342575,0.7894736842105263
25,Path A+E day=25,38,0.2671494122641478,0.2081911211263066,30.15929324453709,0.868421052631579
30,Path A+E day=30,38,0.2688155043540436,0.2112150747009066,29.723727812849155,0.868421052631579
