buffer_method,n,rmse,cov80,cov95,width80,width95,dir_hit
filtered,122,0.2623531496808197,0.6557377049180327,0.8688524590163934,0.5279016249558698,0.8073401879787021,0.7704918032786885
transition,122,0.2623531496808197,0.6557377049180327,0.8770491803278688,0.5284830206329739,0.8082293386709025,0.7704918032786885
transition_max,122,0.2623531496808197,0.7622950819672131,0.8770491803278688,0.615618504701851,0.9414889741070753,0.7704918032786885
